<?xml version="1.0" encoding="UTF-8"?>
<project-private xmlns="http://www.netbeans.org/ns/project-private/1">
    <editor-bookmarks xmlns="http://www.netbeans.org/ns/editor-bookmarks/2" lastBookmarkId="0"/>
    <open-files xmlns="http://www.netbeans.org/ns/projectui-open-files/2">
        <group>
            <file>file:/C:/Users/notiz/Desktop/coe528/lab5/Bank/src/coe528/project/Customer.java</file>
            <file>file:/C:/Users/notiz/Desktop/coe528/lab5/Bank/src/coe528/project/Gold.java</file>
            <file>file:/C:/Users/notiz/Desktop/coe528/lab5/Bank/src/coe528/project/Manager.java</file>
            <file>file:/C:/Users/notiz/Desktop/coe528/lab5/Bank/src/coe528/project/Platinum.java</file>
            <file>file:/C:/Users/notiz/Desktop/coe528/lab5/Bank/src/coe528/project/ManagerMenu.fxml</file>
            <file>file:/C:/Users/notiz/Desktop/coe528/lab5/Bank/src/coe528/project/Level.java</file>
            <file>file:/C:/Users/notiz/Desktop/coe528/lab5/Bank/src/coe528/project/FXMLDocument.fxml</file>
            <file>file:/C:/Users/notiz/Desktop/coe528/lab5/Bank/src/coe528/project/ManagerMenuController.java</file>
            <file>file:/C:/Users/notiz/Desktop/coe528/lab5/Bank/src/coe528/project/Bank.java</file>
            <file>file:/C:/Users/notiz/Desktop/coe528/lab5/Bank/src/coe528/project/Silver.java</file>
            <file>file:/C:/Users/notiz/Desktop/coe528/lab5/Bank/src/coe528/project/User.java</file>
            <file>file:/C:/Users/notiz/Desktop/coe528/lab5/Bank/src/coe528/project/CustomerMenu.fxml</file>
            <file>file:/C:/Users/notiz/Desktop/coe528/lab5/Bank/src/coe528/project/CustomerMenuController.java</file>
            <file>file:/C:/Users/notiz/Desktop/coe528/lab5/Bank/src/coe528/project/FXMLDocumentController.java</file>
        </group>
    </open-files>
</project-private>
